{
    "n_samples": 1319,
    "accuracy": 0.9112964366944655,
    "avg_cot_length": 254.52160727824108,
    "sample_latency": 2.6604264601330763
}