{
    "n_samples": 1319,
    "accuracy": 0.8991660348749052,
    "avg_cot_length": 236.99545109931768,
    "sample_latency": 2.5188000278096925
}