{
    "n_samples": 1319,
    "accuracy": 0.9158453373768006,
    "avg_cot_length": 295.88021228203183,
    "sample_latency": 3.0970353937402106
}