{
    "n_samples": 1319,
    "accuracy": 0.8938589840788476,
    "avg_cot_length": 216.76573161485973,
    "sample_latency": 2.2605367451567284
}