{
    "n_samples": 1319,
    "accuracy": 0.8794541319181198,
    "avg_cot_length": 178.2562547384382,
    "sample_latency": 1.821918162366854
}