{
    "n_samples": 1319,
    "accuracy": 0.8589840788476119,
    "avg_cot_length": 151.5959059893859,
    "sample_latency": 1.6491875870829735
}